chosen_threshold,f1,recall,precision
0.12,0.7142857142857143,0.8333333333333334,0.625
